Model,Accuracy,Precision (Macro),Recall (Macro),F1 (Macro),AUC-ROC,Train Time (s)
Logistic Regression,0.8092947077490019,0.754783038750528,0.8198287086936917,0.7713867135696437,0.9057325109858719,0.156646728515625
Random Forest,0.8520831200737026,0.7965943734021198,0.7984126907382536,0.7974957084303036,0.9013683228156986,1.575324296951294
Decision Tree,0.8125703756781656,0.7428824338480862,0.748695699321698,0.7456816484024535,0.7487378320238236,1.4902243614196777
MLP Classifier (Neural Network),0.8192240761592794,0.7554383977498628,0.7926437913722126,0.7695643920451292,0.8818867254245186,88.69419622421265
LinearSVC,0.8026410072678882,0.750865024410649,0.8198523076115489,0.76628418670867,0.905018787616531,0.15822863578796387
Random Forest with Hyperparameter Tuning,0.8523902139420616,0.8041095689127565,0.7739904008811491,0.7870604301086972,0.8926307946998903,1030.9112439155579
